{
  "summary": {
    "total_sheets_processed": 5,
    "average_score": 69.0,
    "average_confidence": 0.793,
    "processing_errors": 0,
    "success_rate": 100.0
  },
  "score_distribution": {
    "90-100": 3,
    "80-89": 0,
    "70-79": 0,
    "60-69": 0,
    "0-59": 2
  },
  "detailed_results": [
    {
      "student_id": "student_average_003",
      "score": 95.0,
      "correct_answers": 19,
      "incorrect_answers": 0,
      "blank_answers": 1,
      "confidence": 0.8,
      "errors": []
    },
    {
      "student_id": "student_error_005",
      "score": 55.0,
      "correct_answers": 11,
      "incorrect_answers": 4,
      "blank_answers": 5,
      "confidence": 0.615,
      "errors": []
    },
    {
      "student_id": "student_good_002",
      "score": 95.0,
      "correct_answers": 19,
      "incorrect_answers": 1,
      "blank_answers": 0,
      "confidence": 0.9,
      "errors": []
    },
    {
      "student_id": "student_perfect_001",
      "score": 100.0,
      "correct_answers": 20,
      "incorrect_answers": 0,
      "blank_answers": 0,
      "confidence": 0.95,
      "errors": []
    },
    {
      "student_id": "student_poor_004",
      "score": 0.0,
      "correct_answers": 0,
      "incorrect_answers": 20,
      "blank_answers": 0,
      "confidence": 0.7,
      "errors": []
    }
  ],
  "pipeline_accuracy": {
    "mark_detection_accuracy": 71.0,
    "grid_detection_success_rate": 100.0
  }
}