{
  "exam_info": {
    "title": "Sample Mathematics Exam",
    "date": "2024-01-15",
    "total_questions": 20,
    "options_per_question": 4
  },
  "answers": [
    "A",
    "B",
    "C",
    "D",
    "A",
    "B",
    "C",
    "D",
    "A",
    "B",
    "C",
    "D",
    "A",
    "B",
    "C",
    "D",
    "A",
    "B",
    "C",
    "D"
  ],
  "question_weights": [
    1,
    1,
    1,
    1,
    1,
    1,
    1,
    1,
    1,
    1,
    1,
    1,
    1,
    1,
    1,
    1,
    1,
    1,
    1,
    1
  ]
}